{"reward_mean": 200.0, "_runtime": 18.440042972564697, "_step": 56, "reward_bound": 200.0, "iter_number": 56, "_timestamp": 1590434660.745006, "loss": 0.49684566259384155}
